BFiber1001,BFiber1001
BFiber1002,BFiber1002
BFiber1003,BFiber1003
BFiber1004,BFiber1004
BFiber1005,BFiber1005
BFiber1006,BFiber1006
BFiber1007,BFiber1007
BFiber1008,BFiber1008
BFiber1009,BFiber1009
BFiber1010,BFiber1010
BFiber1011,BFiber1011
BFiber1012,BFiber1012
BFiber1013,BFiber1013
BFiber1014,BFiber1014
BFiber1015,BFiber1015
BFiber1016,BFiber1016
BFiber1017,BFiber1017
BFiber1018,BFiber1018
BFiber1019,BFiber1019
BFiber1020,BFiber1020
BFiber1021,BFiber1021
BFiber1022,BFiber1022
BFiber1023,BFiber1023
BFiber1024,BFiber1024
BFiber1025,BFiber1025
BFiber1026,BFiber1026
BFiber1027,BFiber1027
BFiber1028,BFiber1028
BFiber1029,BFiber1029
BFiber1030,BFiber1030
BFiber1031,BFiber1031
BFiber1032,BFiber1032
BFiber1033,BFiber1033
BFiber1034,BFiber1034
BFiber1035,BFiber1035
BFiber1036,BFiber1036
BFiber1037,BFiber1037
BFiber1038,BFiber1038
BFiber1039,BFiber1039
BFiber1040,BFiber1040